{
  "config": {
    "data_path": "data/BTC_USDT_USDT-4h-futures.feather",
    "max_depth": 5,
    "embedding_dim": 128,
    "temperature": 1.0,
    "agent_a_window": [
      0.0,
      0.5
    ],
    "agent_b_window": [
      0.5,
      1.0
    ],
    "window_size": 50,
    "step_size": 10,
    "shaman_iterations": 50,
    "learning_rate": 0.01,
    "num_runs": 1,
    "seed": 42,
    "distance_threshold": 0.3,
    "correlation_threshold": 0.7
  },
  "initial_distance": 0.15347920963634168,
  "runs": [
    {
      "final_distance": 0.5248526849973284,
      "mean_reward": -0.007427469507219735,
      "best_distance": 0.45249490787629865,
      "distance_reduction": -0.37137347536098675,
      "reduction_pct": -241.96989041117058,
      "distances": [
        0.520854506571932,
        0.6077020193420101,
        0.4803510026970311,
        0.5504253009597591,
        0.4803708572935047,
        0.45249490787629865,
        0.4845005747306799,
        0.5050686156016849,
        0.5073735280361137,
        0.5278812906410769,
        0.6041507330556546,
        0.48772647336357244,
        0.6864098905991856,
        0.469489338688009,
        0.5325364805464586,
        0.501878550540082,
        0.5882375373863701,
        0.5387842288449373,
        0.559370497307512,
        0.5075211857462462,
        0.5208958499230589,
        0.5054628385594259,
        0.5674114053693093,
        0.505546259364488,
        0.5973952871358054,
        0.49298411449068763,
        0.5679061911464256,
        0.45250307571544507,
        0.47931834404562024,
        0.4805032467950349,
        0.517812221747298,
        0.6338264144410016,
        0.4931820218378453,
        0.6164057783506939,
        0.5140200120738841,
        0.4882208385843337,
        0.4883762955015314,
        0.5193791209863953,
        0.5330005143576549,
        0.5281620473317942,
        0.48692729151221165,
        0.542069472507893,
        0.46860684039831835,
        0.4861688935033349,
        0.4688716847907908,
        0.5118497582734245,
        0.5243793451161853,
        0.5023131360054279,
        0.5431514153092045,
        0.5248526849973284
      ],
      "rewards": [
        -0.36737529693559035,
        -0.08684751277007807,
        0.12735101664497894,
        -0.07007429826272793,
        0.07005444366625435,
        0.02787594941720606,
        -0.032005666854381276,
        -0.020568040871005,
        -0.002304912434428763,
        -0.02050776260496323,
        -0.07626944241457767,
        0.11642425969208214,
        -0.1986834172356131,
        0.21692055191117654,
        -0.06304714185844962,
        0.03065793000637662,
        -0.08635898684628807,
        0.04945330854143282,
        -0.02058626846257472,
        0.05184931156126582,
        -0.013374664176812767,
        0.015433011363633065,
        -0.061948566809883476,
        0.06186514600482129,
        -0.09184902777131732,
        0.10441117264511773,
        -0.07492207665573797,
        0.11540311543098053,
        -0.026815268330175168,
        -0.0011849027494146847,
        -0.037308974952263096,
        -0.11601419269370361,
        0.1406443926031563,
        -0.12322375651284856,
        0.10238576627680973,
        0.025799173489550464,
        -0.00015545691719770494,
        -0.031002825484863883,
        -0.013621393371259671,
        0.004838467025860771,
        0.041234755819582525,
        -0.0551421809956813,
        0.0734626321095746,
        -0.017562053105016573,
        0.017297208712544143,
        -0.042978073482633716,
        -0.012529586842760843,
        0.022066209110757407,
        -0.04083827930377659,
        0.01829873031187612
      ]
    }
  ],
  "mean_final_distance": 0.5248526849973284,
  "std_final_distance": 0.0,
  "mean_best_distance": 0.45249490787629865,
  "mean_reduction_pct": -241.96989041117058,
  "success": 