{
  "baseline": {
    "initial_distance": 0.16137409210205078,
    "best_possible": 0.07448723912239075,
    "best_possible_idx": 150
  },
  "runs": [
    {
      "initial_distance": 0.24353204667568207,
      "final_distance": 0.10785967111587524,
      "best_distance": 0.07448723912239075,
      "distances": [
        0.24353204667568207,
        0.08389414101839066,
        0.14386142790317535,
        0.11073694378137589,
        0.17755328118801117,
        0.10785967111587524,
        0.08389414101839066,
        0.11618919670581818,
        0.10785967111587524,
        0.09739430993795395,
        0.11073694378137589,
        0.17288784682750702,
        0.07448723912239075,
        0.133863627910614,
        0.10785967111587524,
        0.09739430993795395,
        0.11618919670581818,
        0.09549472481012344,
        0.11073694378137589,
        0.2316182404756546,
        0.14175328612327576,
        0.14787191152572632,
        0.08389414101839066,
        0.10785967111587524,
        0.11618919670581818,
        0.08389414101839066,
        0.10785967111587524,
        0.11073694378137589,
        0.17600272595882416,
        0.09739430993795395,
        0.10785967111587524
      ],
      "selected_windows": [
        102,
        135,
        229,
        25,
        175,
        169,
        135,
        149,
        169,
        142,
        25,
        101,
        150,
        211,
        169,
        142,
        149,
        226,
        25,
        96,
        179,
        107,
        135,
        169,
        149,
        135,
        169,
        25,
        116,
        142,
        169
      ],
      "reduction_pct": 69.41378116607666
    }
  ],
  "mean_best_distance": 0.07448723912239075,
  "std_best_distance": 0.0,
  "mean_reduction_pct": 69.41378116607666,
  "success": 1,
  "optimality_gap": 0.0
}